,Position,Track Name,Artist,Streams,URL
199,200,The Chain - 2004 Remaster,Fleetwood Mac,352283,https://open.spotify.com/track/5e9TFTbltYBg2xThimr0rU
198,199,Hips Don't Lie (feat. Wyclef Jean),Shakira,352589,https://open.spotify.com/track/3ZFTkvIE7kyPt6Nu3PEa7V
197,198,So High (feat. Fredo),MIST,353231,https://open.spotify.com/track/5aubXDnDNVKA5pS7EnR0mp
196,197,Wake Me Up,Avicii,353502,https://open.spotify.com/track/3B0irDyS69y5eAz15xV2Ee
195,196,High Hopes,Panic! At The Disco,354139,https://open.spotify.com/track/1rqqCSm0Qe4I9rUvWncaom
194,195,Lovely Day,Bill Withers,357857,https://open.spotify.com/track/0bRXwKfigvpKZUurwqAlEh
193,194,Poppin (feat. Lil Pump & Smokepurpp),KSI,358091,https://open.spotify.com/track/0wjn2uA7Xu9YuuYsFNwd06
192,193,Goodbyes (feat. Young Thug),Post Malone,358602,https://open.spotify.com/track/0t3ZvGKlmYmVsDzBJAXK8C
191,192,Cheerleader - Felix Jaehn Remix Radio Edit,OMI,359490,https://open.spotify.com/track/7vFoFDWqTX0mHzLfrF1Cfy
190,191,I'm Just Feelin' (Du Du Du),Imanbek,360773,https://open.spotify.com/track/73ThEGwF5i9GrsXXGyZBRa
